{
  "baseline": {
    "name": "baseline",
    "mean_latency_ms": 1.5448315026157784,
    "p95_latency_ms": 1.9033044917739517,
    "mean_throughput": 653.9544910147653,
    "mean_utility": 1.0163957951536018,
    "actions": [
      [
        2,
        1
      ],
      [
        2,
        1
      ],
      [
        2,
        1
      ],
      [
        2,
        1
      ],
      [
        2,
        1
      ],
      [
        2,
        1
      ],
      [
        2,
        1
      ],
      [
        2,
        1
      ],
      [
        2,
        1
      ],
      [
        2,
        1
      ],
      [
        2,
        1
      ],
      [
        2,
        1
      ],
      [
        2,
        1
      ],
      [
        2,
        1
      ],
      [
        2,
        1
      ],
      [
        2,
        1
      ],
      [
        2,
        1
      ],
      [
        2,
        1
      ],
      [
        2,
        1
      ],
      [
        2,
        1
      ],
      [
        2,
        1
      ],
      [
        2,
        1
      ],
      [
        2,
        1
      ],
      [
        2,
        1
      ],
      [
        2,
        1
      ],
      [
        2,
        1
      ],
      [
        2,
        1
      ],
      [
        2,
        1
      ],
      [
        2,
        1
      ],
      [
        2,
        1
      ],
      [
        2,
        1
      ],
      [
        2,
        1
      ],
      [
        2,
        1
      ],
      [
        2,
        1
      ],
      [
        2,
        1
      ],
      [
        2,
        1
      ],
      [
        2,
        1
      ],
      [
        2,
        1
      ],
      [
        2,
        1
      ],
      [
        2,
        1
      ],
      [
        2,
        1
      ],
      [
        2,
        1
      ],
      [
        2,
        1
      ],
      [
        2,
        1
      ],
      [
        2,
        1
      ],
      [
        2,
        1
      ],
      [
        2,
        1
      ],
      [
        2,
        1
      ],
      [
        2,
        1
      ],
      [
        2,
        1
      ],
      [
        2,
        1
      ],
      [
        2,
        1
      ],
      [
        2,
        1
      ],
      [
        2,
        1
      ],
      [
        2,
        1
      ],
      [
        2,
        1
      ],
      [
        2,
        1
      ],
      [
        2,
        1
      ],
      [
        2,
        1
      ],
      [
        2,
        1
      ]
    ]
  },
  "adaptive": {
    "name": "adaptive",
    "mean_latency_ms": 0.5343497306524889,
    "p95_latency_ms": 1.3161266548331694,
    "mean_throughput": 2157.6154282450343,
    "mean_utility": 3.7357327113712024,
    "actions": [
      [
        2,
        1
      ],
      [
        4,
        1
      ],
      [
        4,
        2
      ],
      [
        8,
        2
      ],
      [
        8,
        3
      ],
      [
        12,
        3
      ],
      [
        16,
        4
      ],
      [
        24,
        6
      ],
      [
        24,
        6
      ],
      [
        24,
        6
      ],
      [
        24,
        6
      ],
      [
        24,
        6
      ],
      [
        24,
        6
      ],
      [
        24,
        6
      ],
      [
        24,
        6
      ],
      [
        24,
        6
      ],
      [
        24,
        6
      ],
      [
        24,
        6
      ],
      [
        16,
        4
      ],
      [
        24,
        6
      ],
      [
        24,
        6
      ],
      [
        24,
        6
      ],
      [
        24,
        6
      ],
      [
        24,
        6
      ],
      [
        24,
        6
      ],
      [
        24,
        6
      ],
      [
        24,
        6
      ],
      [
        24,
        6
      ],
      [
        24,
        6
      ],
      [
        24,
        6
      ],
      [
        24,
        6
      ],
      [
        24,
        6
      ],
      [
        24,
        6
      ],
      [
        24,
        6
      ],
      [
        24,
        6
      ],
      [
        24,
        6
      ],
      [
        24,
        6
      ],
      [
        24,
        6
      ],
      [
        24,
        6
      ],
      [
        24,
        6
      ],
      [
        24,
        6
      ],
      [
        24,
        6
      ],
      [
        24,
        6
      ],
      [
        24,
        6
      ],
      [
        24,
        6
      ],
      [
        24,
        6
      ],
      [
        24,
        6
      ],
      [
        24,
        6
      ],
      [
        24,
        6
      ],
      [
        24,
        6
      ],
      [
        24,
        6
      ],
      [
        24,
        6
      ],
      [
        24,
        6
      ],
      [
        24,
        6
      ],
      [
        24,
        6
      ],
      [
        24,
        6
      ],
      [
        24,
        6
      ],
      [
        24,
        6
      ],
      [
        12,
        3
      ],
      [
        24,
        6
      ]
    ]
  },
  "sysbench_baseline_events_per_sec": 2587.97,
  "sysbench_adaptive_events_per_sec": 5203.66,
  "note": "If sysbench metrics are null, sysbench is unavailable."
}