{
  "baseline": {
    "name": "baseline",
    "mean_latency_ms": 1.5568796512782794,
    "p95_latency_ms": 1.8676575479059918,
    "mean_throughput": 647.0881468549387,
    "mean_utility": 1.0174992549409483,
    "actions": [
      [
        2,
        1
      ],
      [
        2,
        1
      ],
      [
        2,
        1
      ],
      [
        2,
        1
      ],
      [
        2,
        1
      ],
      [
        2,
        1
      ],
      [
        2,
        1
      ],
      [
        2,
        1
      ],
      [
        2,
        1
      ],
      [
        2,
        1
      ],
      [
        2,
        1
      ],
      [
        2,
        1
      ],
      [
        2,
        1
      ],
      [
        2,
        1
      ],
      [
        2,
        1
      ],
      [
        2,
        1
      ],
      [
        2,
        1
      ],
      [
        2,
        1
      ],
      [
        2,
        1
      ],
      [
        2,
        1
      ],
      [
        2,
        1
      ],
      [
        2,
        1
      ],
      [
        2,
        1
      ],
      [
        2,
        1
      ],
      [
        2,
        1
      ],
      [
        2,
        1
      ],
      [
        2,
        1
      ],
      [
        2,
        1
      ],
      [
        2,
        1
      ],
      [
        2,
        1
      ],
      [
        2,
        1
      ],
      [
        2,
        1
      ],
      [
        2,
        1
      ],
      [
        2,
        1
      ],
      [
        2,
        1
      ],
      [
        2,
        1
      ],
      [
        2,
        1
      ],
      [
        2,
        1
      ],
      [
        2,
        1
      ],
      [
        2,
        1
      ],
      [
        2,
        1
      ],
      [
        2,
        1
      ],
      [
        2,
        1
      ],
      [
        2,
        1
      ],
      [
        2,
        1
      ],
      [
        2,
        1
      ],
      [
        2,
        1
      ],
      [
        2,
        1
      ],
      [
        2,
        1
      ],
      [
        2,
        1
      ],
      [
        2,
        1
      ],
      [
        2,
        1
      ],
      [
        2,
        1
      ],
      [
        2,
        1
      ],
      [
        2,
        1
      ],
      [
        2,
        1
      ],
      [
        2,
        1
      ],
      [
        2,
        1
      ],
      [
        2,
        1
      ],
      [
        2,
        1
      ]
    ]
  },
  "adaptive": {
    "name": "adaptive",
    "mean_latency_ms": 0.5292091090379547,
    "p95_latency_ms": 1.231515900180966,
    "mean_throughput": 2165.0972412744763,
    "mean_utility": 3.7690229204925836,
    "actions": [
      [
        2,
        1
      ],
      [
        4,
        1
      ],
      [
        4,
        2
      ],
      [
        8,
        2
      ],
      [
        8,
        3
      ],
      [
        12,
        3
      ],
      [
        16,
        4
      ],
      [
        24,
        6
      ],
      [
        24,
        6
      ],
      [
        24,
        6
      ],
      [
        24,
        6
      ],
      [
        24,
        6
      ],
      [
        24,
        6
      ],
      [
        24,
        6
      ],
      [
        24,
        6
      ],
      [
        24,
        6
      ],
      [
        24,
        6
      ],
      [
        16,
        4
      ],
      [
        24,
        6
      ],
      [
        24,
        6
      ],
      [
        24,
        6
      ],
      [
        24,
        6
      ],
      [
        24,
        6
      ],
      [
        24,
        6
      ],
      [
        24,
        6
      ],
      [
        24,
        6
      ],
      [
        24,
        6
      ],
      [
        24,
        6
      ],
      [
        24,
        6
      ],
      [
        24,
        6
      ],
      [
        24,
        6
      ],
      [
        24,
        6
      ],
      [
        24,
        6
      ],
      [
        24,
        6
      ],
      [
        24,
        6
      ],
      [
        24,
        6
      ],
      [
        24,
        6
      ],
      [
        12,
        3
      ],
      [
        24,
        6
      ],
      [
        24,
        6
      ],
      [
        24,
        6
      ],
      [
        24,
        6
      ],
      [
        24,
        6
      ],
      [
        24,
        6
      ],
      [
        24,
        6
      ],
      [
        24,
        6
      ],
      [
        24,
        6
      ],
      [
        24,
        6
      ],
      [
        24,
        6
      ],
      [
        24,
        6
      ],
      [
        24,
        6
      ],
      [
        24,
        6
      ],
      [
        24,
        6
      ],
      [
        24,
        6
      ],
      [
        24,
        6
      ],
      [
        24,
        6
      ],
      [
        24,
        6
      ],
      [
        24,
        6
      ],
      [
        24,
        6
      ],
      [
        24,
        6
      ]
    ]
  },
  "sysbench_baseline_events_per_sec": 2615.43,
  "sysbench_adaptive_events_per_sec": 5219.1,
  "note": "If sysbench metrics are null, sysbench is unavailable."
}